{"train/loss":1.750419446870335,"_timestamp":1.769117301153854e+09,"lr":2.34375e-06,"_step":35,"_runtime":921,"epoch":36,"val/loss":2.223496280241901,"val/acc":0.599877825290165,"train/acc":0.5414742187144088,"_wandb":{"runtime":921}}