{"epoch":3,"train/loss":3.0848651253281103,"val/loss":3.3334455310574156,"val/acc":0.2252048600457691,"_step":2,"_runtime":472,"lr":0.0003,"train/acc":0.2482362642396848,"_wandb":{"runtime":472},"_timestamp":1.768998677718158e+09}