{"train/loss":3.9021693226348857,"_timestamp":1.769160146394778e+09,"val/acc":0.23144963144963146,"train/acc":0.10221413406171978,"_step":0,"lr":0.0003,"_runtime":713,"epoch":1,"val/loss":3.6914616373891618,"_wandb":{"runtime":713}}