{"lr":0.0003,"train/loss":3.747740843370559,"_step":0,"_timestamp":1.7691610610506592e+09,"_runtime":38,"val/loss":3.349854255931437,"_wandb":{"runtime":38},"epoch":1,"val/acc":0.25412339645693344,"train/acc":0.1262728574157769}