{"_wandb":{"runtime":774},"_runtime":774,"train/loss":1.5777301078509482,"train/acc":0.5784242227900934,"epoch":21,"_step":20,"_timestamp":1.76916246847177e+09,"val/loss":2.227255270909689,"lr":1.875e-05,"val/acc":0.628588882101405}