{"val/loss":2.001584829431032,"_wandb":{"runtime":3665},"_runtime":3665,"val/acc":0.7532070861331704,"train/acc":0.8962806903864845,"lr":4.6490194275536824e-05,"_step":99,"train/loss":0.3241776807310515,"epoch":100,"_timestamp":1.769172767269184e+09}