{"_wandb":{"runtime":1313},"val/acc":0.31082242329724546,"val/loss":3.139739674070345,"train/acc":0.3069856941607134,"train/loss":2.8098185261375055,"epoch":3,"lr":0.0003,"_runtime":1313,"_timestamp":1.768817557796094e+09,"_step":2}