{"_step":86,"val/acc":0.6682956627978008,"train/acc":0.5970882964667749,"_wandb":{"runtime":3305},"val/loss":2.0160131527551277,"epoch":87,"_timestamp":1.7691657966577961e+09,"_runtime":3305,"lr":2.288818359375e-09,"train/loss":1.5119493247991094}