{"val/loss":2.9614523867034928,"_wandb":{"runtime":2152},"epoch":5,"_runtime":2152,"_timestamp":1.768990044562541e+09,"_step":4,"val/acc":0.3847748066566955,"train/loss":2.385901146808808,"train/acc":0.4011934896406887,"lr":0.00015}