{"train/acc":0.19936255840480743,"epoch":2,"train/loss":3.2887099935102833,"val/acc":0.29383017715332926,"_runtime":494,"val/loss":3.219386033408876,"_step":1,"_timestamp":1.7691022909037728e+09,"lr":0.0003,"_wandb":{"runtime":494}}