{"_timestamp":1.7691609661607628e+09,"train/loss":3.177297761612025,"val/acc":0.3427000610873549,"lr":0.0003,"_runtime":75,"_wandb":{"runtime":75},"epoch":2,"train/acc":0.22334764875968457,"_step":1,"val/loss":3.0365278276278613}