{"_step":2,"val/acc":0.005497861942577886,"_wandb":{"runtime":64},"epoch":3,"lr":0.0003,"_timestamp":1.7691615608455539e+09,"train/loss":2.2120190808398485e-05,"_runtime":64,"val/loss":15.911782672511563,"train/acc":0.937498311861805}