{"_step":2,"_runtime":482,"train/acc":0.2164109860237291,"val/acc":0.3143469971401335,"epoch":3,"train/loss":3.197576414074297,"_timestamp":1.769086499229046e+09,"val/loss":3.02198901633289,"lr":0.0003,"_wandb":{"runtime":482}}