{"_runtime":514,"_wandb":{"runtime":514},"val/acc":0.2981062919975565,"train/acc":0.24919644544316702,"_step":2,"train/loss":3.0585641443409024,"val/loss":2.9402780429429956,"epoch":3,"lr":0.0003,"_timestamp":1.7690974606827252e+09}