{"lr":0.0003,"_wandb":{"runtime":71},"_step":2,"_runtime":71,"epoch":3,"_timestamp":1.769160737232343e+09,"val/loss":2.963859646948067,"train/loss":3.0424748495661054,"val/acc":0.3665241295051924,"train/acc":0.25616508656297937}