{"_step":0,"val/acc":0.19609040928527796,"_timestamp":1.769160884196293e+09,"_runtime":24,"train/acc":0.10452961672232378,"lr":0.0003,"epoch":1,"train/loss":3.8632045989323385,"_wandb":{"runtime":24},"val/loss":3.7380897808016695}