{"_timestamp":1.769078877288485e+09,"val/loss":2.7338316482519422,"train/loss":1.9221197223377895,"_step":49,"train/acc":0.5008093332953427,"val/acc":0.4085899970901319,"_runtime":8485,"epoch":50,"_wandb":{"runtime":8485},"lr":2.9296875e-07}