{"_step":2,"train/acc":0.222040084129024,"lr":0.0003,"train/loss":3.1710826104102887,"_wandb":{"runtime":496},"_runtime":496,"epoch":3,"val/loss":2.9984817711141023,"val/acc":0.3555767397521449,"_timestamp":1.769084142126965e+09}