{"train/loss":3.3207435649253303,"_runtime":46,"train/acc":0.1972827701674795,"_timestamp":1.769160660288332e+09,"val/acc":0.2797800855222969,"_wandb":{"runtime":46},"lr":0.0003,"val/loss":3.1808946355494627,"epoch":2,"_step":1}