{"_step":1,"_timestamp":1.769160549013154e+09,"_runtime":81,"_wandb":{"runtime":81},"lr":0.0003,"train/acc":0.22691300002982762,"train/loss":3.162664871234109,"val/acc":0.354306658521686,"epoch":2,"val/loss":2.8920933513213165}