{"val/loss":3.274106106819288,"_wandb":{"runtime":38},"lr":0.0003,"train/loss":3.7164081891107297,"train/acc":0.1265159495476949,"_timestamp":1.769161012942986e+09,"val/acc":0.26328649969456325,"_step":0,"_runtime":38,"epoch":1}