{"val/loss":3.662781467763132,"train/loss":3.8602752424297635,"epoch":1,"_step":0,"_runtime":891,"_timestamp":1.7691601583774233e+09,"lr":0.0003,"train/acc":0.10855460771446,"val/acc":0.19593577521324637,"_wandb":{"runtime":891}}