{"_runtime":27,"train/acc":0.11849390918836374,"_wandb":{"runtime":27},"epoch":1,"val/acc":0.19364691508857668,"train/loss":3.7778738570091606,"_step":0,"_timestamp":1.769160771190036e+09,"val/loss":3.699457977774963,"lr":0.0003}