{"_timestamp":1.769014467512697e+09,"val/loss":3.365685012624169,"_step":2,"train/loss":3.138623476363392,"_runtime":476,"epoch":3,"val/acc":0.22322690028799358,"lr":0.0003,"train/acc":0.24047888098355996,"_wandb":{"runtime":476}}