{"_step":2,"epoch":3,"train/loss":2.7462954619925184,"_timestamp":1.768823830079448e+09,"_runtime":1318,"val/loss":3.09402423602038,"train/acc":0.3211884499545147,"lr":0.0003,"_wandb":{"runtime":1318},"val/acc":0.32275185766008224}