{"val/loss":3.273532122151206,"train/acc":0.2398329370160356,"val/acc":0.2389092389092389,"epoch":3,"_timestamp":1.7689998501857316e+09,"_wandb":{"runtime":1858},"lr":0.0003,"train/loss":3.0771301305698886,"_runtime":1858,"_step":2}