{"train/loss":3.3649407380777947,"train/acc":0.18604651162146724,"_timestamp":1.7691606039134889e+09,"lr":0.0003,"_wandb":{"runtime":48},"val/acc":0.2449602932193036,"_step":1,"val/loss":3.3825508486445384,"epoch":2,"_runtime":48}