{"train/loss":3.1895326901154486,"val/loss":2.9733055597700284,"_wandb":{"runtime":527},"_runtime":527,"train/acc":0.2157037517170728,"lr":0.0003,"epoch":3,"_step":2,"_timestamp":1.7691032499548202e+09,"val/acc":0.3249847281612706}