{"lr":0.00015,"train/loss":2.361761279441393,"_wandb":{"runtime":182},"train/acc":0.3941873970154222,"val/loss":2.578675216720391,"_runtime":182,"_timestamp":1.769116127821051e+09,"_step":6,"epoch":7,"val/acc":0.5045815516188149}