{"lr":0.0003,"val/acc":0.3842394624312767,"train/loss":2.8842003857964196,"_runtime":77,"epoch":3,"train/acc":0.28987386218330685,"_step":2,"_timestamp":1.769115910702761e+09,"_wandb":{"runtime":77},"val/loss":2.8947411243261616}