{"epoch":1,"train/loss":3.835641444291268,"val/loss":3.6465132738951147,"val/acc":0.14294441050702505,"lr":0.0003,"train/acc":0.11155227831187087,"_step":0,"_runtime":222,"_wandb":{"runtime":222},"_timestamp":1.7690907189161e+09}