{"val/acc":0.2180818570555895,"epoch":1,"_step":0,"_runtime":49,"train/loss":3.6707089366974146,"_timestamp":1.7691658884367192e+09,"train/acc":0.1296221267888693,"lr":0.0003,"_wandb":{"runtime":49},"val/loss":3.3597906930605377}