{"_wandb":{"runtime":73},"train/loss":3.1337509637416945,"_runtime":73,"_timestamp":1.769160854489436e+09,"val/loss":3.00695369177354,"val/acc":0.3286499694563225,"train/acc":0.23461091754177166,"epoch":2,"lr":0.0003,"_step":1}