{"_timestamp":1.7689878032391071e+09,"_runtime":631,"lr":0.0003,"epoch":1,"val/acc":0.11204803883991313,"train/loss":3.8629344385548485,"train/acc":0.09908019013611341,"val/loss":3.664034113049949,"_wandb":{"runtime":631},"_step":0}