{"epoch":3,"train/acc":0.27704399966460763,"_step":2,"val/loss":2.9389334857354603,"val/acc":0.3720219915205921,"train/loss":2.9176718771330488,"_runtime":76,"_timestamp":1.76915920324862e+09,"_wandb":{"runtime":76},"lr":0.0003}