{"train/loss":1.837037849689655,"_timestamp":1.7690963981252391e+09,"epoch":32,"_runtime":5733,"_wandb":{"runtime":5733},"val/acc":0.5986560782282252,"val/loss":2.2094294959559773,"_step":31,"lr":4.6875e-06,"train/acc":0.5234854009524771}