{"val/loss":3.6203428459517024,"_timestamp":1.769090404651963e+09,"train/loss":3.8582603176238424,"lr":0.0003,"_step":0,"val/acc":0.17593158216249236,"train/acc":0.10650136401696243,"_wandb":{"runtime":276},"_runtime":276,"epoch":1}