{"_wandb":{"runtime":56},"_timestamp":1.769116198019936e+09,"_step":1,"_runtime":56,"train/acc":0.2060881073838472,"train/loss":3.2909898611816817,"epoch":2,"val/acc":0.29383017715332926,"lr":0.0003,"val/loss":3.2096207855529877}