{"val/acc":0.7306047648136835,"_step":71,"epoch":72,"train/acc":0.833238797505864,"lr":1.319413953331201e-05,"_runtime":2613,"train/loss":0.562249794391895,"_timestamp":1.769168508657381e+09,"_wandb":{"runtime":2613},"val/loss":1.9429069273421051}