{"val/acc":0.5650580329871716,"lr":7.5e-05,"_runtime":290,"_timestamp":1.7691603090034041e+09,"epoch":11,"train/loss":2.0625909499036585,"val/loss":2.4088897689148356,"_step":10,"train/acc":0.4635766955555456,"_wandb":{"runtime":290}}